node_1,node_2,distance,neighbor,color
0,1,266.5520587052368,False,red
0,2,306.27601930285044,False,red
0,3,274.9727259202265,False,red
0,4,194.03350226185168,False,red
0,5,295.98986469134377,False,red
0,6,168.46661390317072,False,red
0,7,255.50146770615623,False,red
0,8,188.4489320744482,False,red
0,9,116.21101496846157,False,red
0,10,195.2434377898525,False,red
0,11,372.52248254300036,False,red
0,12,121.24768039018313,False,red
0,13,172.40939649566667,False,red
0,14,151.42654985173505,False,red
0,15,237.03375287076733,False,red
0,16,131.38112497615478,False,red
0,17,68.8839603971781,False,red
0,18,98.08159868191383,False,red
0,19,233.5551326774901,False,red
0,20,239.38462774372127,False,red
0,21,88.81441324469807,False,red
0,22,88.52683209061533,False,red
0,23,60.41522986797286,False,red
0,24,194.64069461446135,False,red
0,25,258.5207922005501,False,red
0,26,318.2341904949875,False,red
0,27,101.83319694480774,False,red
0,28,312.7746792820672,False,red
0,29,225.89378034819816,False,red
0,30,207.85812469085735,False,red
0,31,53.14132102234569,False,red
0,32,160.4244370412438,False,red
0,33,198.59506539690256,False,red
0,34,90.69729874698585,False,red
0,35,313.1549137407874,False,red
0,36,176.92088627406318,False,red
0,37,302.39874338363245,False,red
0,38,223.29352879114074,False,red
0,39,385.72140205075476,False,red
0,40,49.39635614091387,False,red
0,41,139.84276885130672,False,red
0,42,200.26232796010336,False,red
0,43,271.67075661542964,False,red
0,44,76.55063683601855,False,red
0,45,31.622776601683793,False,red
0,46,331.5177219998955,False,red
0,47,380.290678297536,False,red
0,48,170.88007490635061,False,red
0,49,304.2433236736675,False,red
1,0,266.5520587052368,False,red
1,2,328.76283244916846,False,red
1,3,288.51343122981297,False,red
1,4,398.78440290462714,False,red
1,5,64.03124237432849,False,red
1,6,160.37767924496225,False,red
1,7,70.2922470831599,False,red
1,8,78.18567643756751,False,red
1,9,181.1767093199344,False,red
1,10,107.00467279516349,False,red
1,11,314.4407734375426,False,red
1,12,268.7768591229535,False,red
1,13,325.39975414864716,False,red
1,14,123.69316876852982,False,red
1,15,62.96824596572466,False,red
1,16,256.3220630378899,False,red
1,17,291.0068727710739,False,red
1,18,169.49926253526885,False,red
1,19,272.94321753800733,False,red
1,20,198.45654436173174,False,red
1,21,182.47739586041882,False,red
1,22,202.87188075236054,False,red
1,23,220.27255843613383,False,red
1,24,185.05404615949362,False,red
1,25,133.5402561027947,False,red
1,26,105.41821474489122,False,red
1,27,310.2579571904643,False,red
1,28,46.238512086787566,False,red
1,29,358.2987580218497,False,red
1,30,337.91271062213684,False,red
1,31,233.5679772571574,False,red
1,32,279.3313444638822,False,red
1,33,178.35358140502814,False,red
1,34,230.72927859289987,False,red
1,35,185.94622878671134,False,red
1,36,93.60021367496978,False,red
1,37,256.56383221335,False,red
1,38,225.32199182503248,False,red
1,39,125.06398362438324,False,red
1,40,241.59884105682295,False,red
1,41,207.04105872990507,False,red
1,42,84.0535543567314,False,red
1,43,26.92582403567252,False,red
1,44,264.14011433328335,False,red
1,45,243.82370680473218,False,red
1,46,325.01384585891105,False,red
1,47,306.04084694693944,False,red
1,48,221.38202275704322,False,red
1,49,46.84015371452148,False,red
2,0,306.27601930285044,False,red
2,1,328.76283244916846,False,red
2,3,41.19465984809196,False,red
2,4,232.81322986462774,False,red
2,5,392.3072775261759,False,red
2,6,193.54586019855861,False,red
2,7,381.15875957401266,False,red
2,8,301.53275112332324,False,red
2,9,351.2406582387637,False,red
2,10,362.62515081003414,False,red
2,11,103.94229168149026,False,red
2,12,187.1095935541521,False,red
2,13,163.41358572652396,False,red
2,14,256.6028059082753,False,red
2,15,361.4996542183685,False,red
2,16,416.473288459176,False,red
2,17,252.42028444639706,False,red
2,18,276.0235497199469,False,red
2,19,74.94664769020693,False,red
2,20,130.38404810405297,False,red
2,21,264.35771220072246,False,red
2,22,236.6981199756348,False,red
2,23,258.42793966597344,False,red
2,24,155.72411502397438,False,red
2,25,199.37903600930565,False,red
2,26,271.5437349673161,False,red
2,27,232.04525420701884,False,red
2,28,352.51241112902676,False,red
2,29,133.37541002748594,False,red
2,30,132.67252918370102,False,red
2,31,333.51611655210905,False,red
2,32,148.8388390172404,False,red
2,33,159.66527487215245,False,red
2,34,218.4879859397308,False,red
2,35,177.867928531256,False,red
2,36,274.08392875176025,False,red
2,37,87.41853350405736,False,red
2,38,109.65856099730654,False,red
2,39,367.2083877037669,False,red
2,40,258.7991499213241,False,red
2,41,394.93923583255184,False,red
2,42,258.37956575549856,False,red
2,43,307.7661449867415,False,red
2,44,231.3547060251855,False,red
2,45,278.7561658510893,False,red
2,46,37.05401462729781,False,red
2,47,123.4908903522847,False,red
2,48,146.24978632463024,False,red
2,49,323.7854227725516,False,red
3,0,274.9727259202265,False,red
3,1,288.51343122981297,False,red
3,2,41.19465984809196,False,red
3,4,227.31695933211847,False,red
3,5,351.8465574650404,False,red
3,6,152.88230767489088,False,red
3,7,340.07205118915607,False,red
3,8,260.36320784627003,False,red
3,9,312.6227758817326,False,red
3,10,321.6364407215078,False,red
3,11,108.06016842481785,False,red
3,12,159.66527487215245,False,red
3,13,149.21461054467824,False,red
3,14,215.93517545782115,False,red
3,15,320.3513695928269,False,red
3,16,380.04341857214155,False,red
3,17,226.24102192131292,False,red
3,18,237.59208741033444,False,red
3,19,41.88078318274385,False,red
3,20,90.09439494219383,False,red
3,21,226.73773395709856,False,red
3,22,200.60159520801423,False,red
3,23,223.89283150650448,False,red
3,24,114.75626344561765,False,red
3,25,160.96272860510285,False,red
3,26,236.18001608942276,False,red
3,27,209.84756372185979,False,red
3,28,313.639920928443,False,red
3,29,132.67252918370102,False,red
3,30,125.39936203984452,False,red
3,31,298.4660784745898,False,red
3,32,123.97580409095961,False,red
3,33,118.53269591129698,False,red
3,34,185.26737435393204,False,red
3,35,147.32277488562318,False,red
3,36,232.95707759155977,False,red
3,37,62.64982043070834,False,red
3,38,68.65857557508748,False,red
3,39,332.6695056659086,False,red
3,40,226.38462845343543,False,red
3,41,356.5305036038291,False,red
3,42,217.23029254687293,False,red
3,43,268.09140232390894,False,red
3,44,202.27209397245088,False,red
3,45,246.1097316239242,False,red
3,46,56.586217403180434,False,red
3,47,123.25988804148737,False,red
3,48,109.04127658827184,False,red
3,49,285.3383955937231,False,red
4,0,194.03350226185168,False,red
4,1,398.78440290462714,False,red
4,2,232.81322986462774,False,red
4,3,227.31695933211847,False,red
4,5,447.45167336819736,False,red
4,6,243.93851684389654,False,red
4,7,415.0951698104906,False,red
4,8,331.30650461468457,False,red
4,9,301.9205193424256,False,red
4,10,364.9287601710778,False,red
4,11,333.12159941979144,False,red
4,12,130.13838787997952,False,red
4,13,84.86459803710851,False,red
4,14,277.41845648766775,False,red
4,15,393.91369613152574,False,red
4,16,324.154284253656,False,red
4,17,128.7866452703851,False,red
4,18,248.67046467162118,False,red
4,19,195.1640335717624,False,red
4,20,261.30824709526485,False,red
4,21,231.70886905770354,False,red
4,22,202.03960007879644,False,red
4,23,196.57314160383152,False,red
4,24,237.0232056149777,False,red
4,25,322.4189820714655,False,red
4,26,403.00124069287926,False,red
4,27,97.73944955850733,False,red
4,28,440.55533137166776,False,red
4,29,99.82484660644363,False,red
4,30,102.0196059588548,False,red
4,31,245.9532475898621,False,red
4,32,130.24976007655445,False,red
4,33,244.7549795203358,False,red
4,34,170.84788555905513,False,red
4,35,347.1440623141925,False,red
4,36,307.67515336796373,False,red
4,37,285.1105048924013,False,red
4,38,226.24102192131292,False,red
4,39,493.25855289087485,False,red
4,40,178.13758727455584,False,red
4,41,332.45902003104084,False,red
4,42,315.48375552474965,False,red
4,43,391.74736757252117,False,red
4,44,143.1258187749506,False,red
4,45,189.70766985021982,False,red
4,46,269.3566409056959,False,red
4,47,350.0228563965502,False,red
4,48,192.6058150731696,False,red
4,49,421.0997506529777,False,red
5,0,295.98986469134377,False,red
5,1,64.03124237432849,False,red
5,2,392.3072775261759,False,red
5,3,351.8465574650404,False,red
5,4,447.45167336819736,False,red
5,6,217.46953809671828,False,red
5,7,44.14748010928823,False,red
5,8,116.21101496846157,False,red
5,9,192.93781381574738,False,red
5,10,106.89246933250256,False,red
5,11,377.54602368453044,False,red
5,12,318.9874605685935,False,red
5,13,378.7043701886737,False,red
5,14,170.29386365926402,False,red
5,15,59.16924876994806,False,red
5,16,255.8378392654222,False,red
5,17,331.6519259705874,False,red
5,18,205.1389772812568,False,red
5,19,334.619186538967,False,red
5,20,261.92556194461054,False,red
5,21,220.62184841941652,False,red
5,22,246.4731222669117,False,red
5,23,258.80494585691366,False,red
5,24,245.69289774024807,False,red
5,25,197.4968354176846,False,red
5,26,159.2388143638353,False,red
5,27,354.682957019364,False,red
5,28,65.06919393998976,False,red
5,29,415.1939305914767,False,red
5,30,394.361509277972,False,red
5,31,254.53094114468678,False,red
5,32,334.0688551780905,False,red
5,33,239.40342520523802,False,red
5,34,276.8104044287353,False,red
5,35,247.8790027412568,False,red
5,36,140.45995870709916,False,red
5,37,320.5635662392094,False,red
5,38,287.5586896617802,False,red
5,39,140.45995870709916,False,red
5,40,280.0464247227591,False,red
5,41,205.99514557387025,False,red
5,42,140.73023839957068,False,red
5,43,88.45903006477066,False,red
5,44,307.7174028227848,False,red
5,45,278.22652641328074,False,red
5,46,389.0321323489873,False,red
5,47,368.41959774148825,False,red
5,48,279.1451235468748,False,red
5,49,90.21086409075129,False,red
6,0,168.46661390317072,False,red
6,1,160.37767924496225,False,red
6,2,193.54586019855861,False,red
6,3,152.88230767489088,False,red
6,4,243.93851684389654,False,red
6,5,217.46953809671828,False,red
6,7,196.1479033790573,False,red
6,8,111.22050170719426,False,red
6,9,165.41463055002117,False,red
6,10,169.5670958647343,False,red
6,11,223.89283150650448,False,red
6,12,115.10864433221339,False,red
6,13,166.19265928433782,False,red
6,14,63.06346010171025,False,red
6,15,175.09426032854418,False,red
6,16,240.52026941611388,False,red
6,17,157.70859202973057,False,red
6,18,94.26027795418386,False,red
6,19,124.19742348374221,False,red
6,20,80.62257748298549,False,red
6,21,89.69392398596462,False,red
6,22,80.06247560499239,False,red
6,23,108.06016842481785,False,red
6,24,38.91015291668744,False,red
6,25,92.19544457292888,False,red
6,26,164.1584600317632,False,red
6,27,166.1114083980989,False,red
6,28,198.65799757371965,False,red
6,29,198.12369873389704,False,red
6,30,177.5894140989265,False,red
6,31,169.30741271426953,False,red
6,32,119.4026800369238,False,red
6,33,37.8021163428716,False,red
6,34,91.59148432032315,False,red
6,35,144.80676779764127,False,red
6,36,83.15046602394962,False,red
6,37,151.9802618763371,False,red
6,38,84.43340571124678,False,red
6,39,249.94799459087486,False,red
6,40,123.25988804148737,False,red
6,41,209.40152817016403,False,red
6,42,76.96752561957543,False,red
6,43,149.30505684671232,False,red
6,44,126.60568707605516,False,red
6,45,137.11673858431726,False,red
6,46,203.67866849525504,False,red
6,47,226.38462845343543,False,red
6,48,61.68468205316454,False,red
6,49,177.48521065147935,False,red
7,0,255.50146770615623,False,red
7,1,70.2922470831599,False,red
7,2,381.15875957401266,False,red
7,3,340.07205118915607,False,red
7,4,415.0951698104906,False,red
7,5,44.14748010928823,False,red
7,6,196.1479033790573,False,red
7,8,86.64871608973787,False,red
7,9,149.46571513226704,False,red
7,10,63.15853069855251,False,red
7,11,378.27238863020386,False,red
7,12,288.9013672518702,False,red
7,13,350.6023388398885,False,red
7,14,141.50971698084905,False,red
7,15,21.540659228538015,False,red
7,16,211.85844330590177,False,red
7,17,295.3811097548386,False,red
7,18,168.51409436602032,False,red
7,19,318.2341904949875,False,red
7,20,251.87695408671274,False,red
7,21,184.8053029542172,False,red
7,22,213.06337085477645,False,red
7,23,222.40728405337808,False,red
7,24,228.70942263055102,False,red
7,25,195.49424543960367,False,red
7,26,175.64168070250295,False,red
7,27,320.2639536382451,False,red
7,28,95.46203433826454,False,red
7,29,390.5444917035702,False,red
7,30,369.3561966449189,False,red
7,31,212.14381914163798,False,red
7,32,307.82624969290714,False,red
7,33,223.32263655975405,False,red
7,34,244.38698819699874,False,red
7,35,252.83393759541065,False,red
7,36,114.0175425099138,False,red
7,37,316.1392098427527,False,red
7,38,273.11719096387907,False,red
7,39,177.2004514666935,False,red
7,40,243.28789530101986,False,red
7,41,161.94134740701648,False,red
7,42,123.03657992645927,False,red
7,43,97.0051545022222,False,red
7,44,273.30020124398004,False,red
7,45,239.71024175032656,False,red
7,46,382.0274859221519,False,red
7,47,371.48889620014216,False,red
7,48,257.1711492372346,False,red
7,49,112.2007130102122,False,red
8,0,188.4489320744482,False,red
8,1,78.18567643756751,False,red
8,2,301.53275112332324,False,red
8,3,260.36320784627003,False,red
8,4,331.30650461468457,False,red
8,5,116.21101496846157,False,red
8,6,111.22050170719426,False,red
8,7,86.64871608973787,False,red
8,9,109.83624174196785,False,red
8,10,64.41273166075166,False,red
8,11,312.60518229869444,False,red
8,12,203.42074623793906,False,red
8,13,264.3671689147501,False,red
8,14,55.036351623268054,False,red
8,15,65.14598989960932,False,red
8,16,189.84203960134857,False,red
8,17,216.6702563805194,False,red
8,18,92.11405973031478,False,red
8,19,235.0,False,red
8,20,175.96022277776305,False,red
8,21,106.21205204683694,False,red
8,22,130.38404810405297,False,red
8,23,144.46106741956464,False,red
8,24,146.34206503941374,False,red
8,25,135.09256086106296,False,red
8,26,153.05554547287727,False,red
8,27,238.6734170367534,False,red
8,28,124.42266674525185,False,red
8,29,303.9029450334432,False,red
8,30,282.7083302628347,False,red
8,31,156.348968656656,False,red
8,32,221.2080468699093,False,red
8,33,141.90489773083945,False,red
8,34,160.60199251565965,False,red
8,35,198.97989848223364,False,red
8,36,28.071337695236398,False,red
8,37,245.12037858978596,False,red
8,38,192.04426573058618,False,red
8,39,200.5691900566984,False,red
8,40,165.85837331892532,False,red
8,41,143.7810835958611,False,red
8,42,48.02082881417188,False,red
8,43,87.14355971613737,False,red
8,44,191.7837323653912,False,red
8,45,166.5322791533221,False,red
8,46,306.5697310564107,False,red
8,47,309.38648968563575,False,red
8,48,171.30382365843442,False,red
8,49,118.94956914591998,False,red
9,0,116.21101496846157,False,red
9,1,181.1767093199344,False,red
9,2,351.2406582387637,False,red
9,3,312.6227758817326,False,red
9,4,301.9205193424256,False,red
9,5,192.93781381574738,False,red
9,6,165.41463055002117,False,red
9,7,149.46571513226704,False,red
9,8,109.83624174196785,False,red
9,10,86.33075929238663,False,red
9,11,389.1040991816971,False,red
9,12,196.09181522949905,False,red
9,13,259.04825805243314,False,red
9,14,110.11357772772621,False,red
9,15,134.7145129523913,False,red
9,16,81.43709228600933,False,red
9,17,173.3032025093593,False,red
9,18,75.23961722390672,False,red
9,19,276.92778842145833,False,red
9,20,245.70307283385773,False,red
9,21,88.32326986700618,False,red
9,22,120.03332870498926,False,red
9,23,110.11357772772621,False,red
9,24,203.66639388961548,False,red
9,25,229.94347131414713,False,red
9,26,262.2403477728017,False,red
9,27,204.46271053666484,False,red
9,28,225.39077177204928,False,red
9,29,309.3169895107606,False,red
9,30,288.5619517538652,False,red
9,31,65.76473218982953,False,red
9,32,228.97379762758882,False,red
9,33,203.21663317750347,False,red
9,34,148.4082207965583,False,red
9,35,293.7771264070775,False,red
9,36,116.36150566231085,False,red
9,37,317.34523787194286,False,red
9,38,246.78938388836744,False,red
9,39,306.23520372419625,False,red
9,40,124.95199078045935,False,red
9,41,44.10215414239989,False,red
9,42,146.32156368765337,False,red
9,43,195.57607215607945,False,red
9,44,162.49615380063616,False,red
9,45,112.27199116431488,False,red
9,46,366.5310355208683,False,red
9,47,390.57905729826325,False,red
9,48,205.23401277566055,False,red
9,49,226.05530296810116,False,red
10,0,195.2434377898525,False,red
10,1,107.00467279516349,False,red
10,2,362.62515081003414,False,red
10,3,321.6364407215078,False,red
10,4,364.9287601710778,False,red
10,5,106.89246933250256,False,red
10,6,169.5670958647343,False,red
10,7,63.15853069855251,False,red
10,8,64.41273166075166,False,red
10,9,86.33075929238663,False,red
10,11,377.01060993027767,False,red
10,12,243.87086746883074,False,red
10,13,307.4166553718259,False,red
10,14,107.22872749408155,False,red
10,15,50.24937810560445,False,red
10,16,152.029602380589,False,red
10,17,240.75921581530375,False,red
10,18,116.36150566231085,False,red
10,19,293.53705047233814,False,red
10,20,239.40969069776602,False,red
10,21,133.41664064126334,False,red
10,22,164.80594649465777,False,red
10,23,168.81350656863924,False,red
10,24,206.90335908341362,False,red
10,25,198.66806487203723,False,red
10,26,204.59960899278374,False,red
10,27,268.0783467570628,False,red
10,28,146.4923206178399,False,red
10,29,351.86929391465804,False,red
10,30,330.49205739321485,False,red
10,31,149.77316181479245,False,red
10,32,268.32815729997475,False,red
10,33,203.2732151563506,False,red
10,34,196.7587355112855,False,red
10,35,261.9045627704871,False,red
10,36,89.49301648732151,False,red
10,37,309.23292192132453,False,red
10,38,252.99011838409817,False,red
10,39,229.36651891677653,False,red
10,40,188.67962264113208,False,red
10,41,102.0,False,red
10,42,112.37882362794157,False,red
10,43,128.03515142334936,False,red
10,44,221.81974664127628,False,red
10,45,182.42806801586207,False,red
10,46,369.52943049234926,False,red
10,47,373.72851108792867,False,red
10,48,226.00884938426637,False,red
10,49,153.8440769090575,False,red
11,0,372.52248254300036,False,red
11,1,314.4407734375426,False,red
11,2,103.94229168149026,False,red
11,3,108.06016842481785,False,red
11,4,333.12159941979144,False,red
11,5,377.54602368453044,False,red
11,6,223.89283150650448,False,red
11,7,378.27238863020386,False,red
11,8,312.60518229869444,False,red
11,9,389.1040991816971,False,red
11,10,377.01060993027767,False,red
11,12,263.928020490436,False,red
11,13,257.13031715455105,False,red
11,14,281.66824457151716,False,red
11,15,361.8314524747676,False,red
11,16,463.9159406616677,False,red
11,17,330.39370454050726,False,red
11,18,317.58620876857987,False,red
11,19,147.7057886475679,False,red
11,20,143.4015341619468,False,red
11,21,310.517310306527,False,red
11,22,290.32740139366797,False,red
11,23,316.602274154814,False,red
11,24,186.6815470259447,False,red
11,25,182.78949641595932,False,red
11,26,230.0347799790284,False,red
11,27,316.5454153830063,False,red
11,28,324.96307482543307,False,red
11,29,235.2126697267815,False,red
11,30,231.26175645791503,False,red
11,31,387.98066962156764,False,red
11,32,230.53199344125753,False,red
11,33,186.19613314996636,False,red
11,34,281.8598942737331,False,red
11,35,131.24404748406687,False,red
11,36,288.87713651308576,False,red
11,37,72.12489168102785,False,red
11,38,149.61617559608987,False,red
11,39,316.1803282938393,False,red
11,40,323.1361941968123,False,red
11,41,432.92609068985433,False,red
11,42,264.76404589747455,False,red
11,43,289.0882218285622,False,red
11,44,304.11346566701053,False,red
11,45,341.9839177505281,False,red
11,46,67.446274915669,False,red
11,47,21.400934559032695,False,red
11,48,201.64572894063488,False,red
11,49,294.89828755013144,False,red
12,0,121.24768039018313,False,red
12,1,268.7768591229535,False,red
12,2,187.1095935541521,False,red
12,3,159.66527487215245,False,red
12,4,130.13838787997952,False,red
12,5,318.9874605685935,False,red
12,6,115.10864433221339,False,red
12,7,288.9013672518702,False,red
12,8,203.42074623793906,False,red
12,9,196.09181522949905,False,red
12,10,243.87086746883074,False,red
12,11,263.928020490436,False,red
12,13,63.953107821277925,False,red
12,14,148.71785366928881,False,red
12,15,267.4471910489994,False,red
12,16,243.51591323771842,False,red
12,17,66.64833081180653,False,red
12,18,129.24782396620841,False,red
12,19,117.83462988442744,False,red
12,20,151.16216457830973,False,red
12,21,112.44998888394787,False,red
12,22,79.62411694957753,False,red
12,23,86.70063436907483,False,red
12,24,115.94826432508596,False,red
12,25,200.02499843769527,False,red
12,26,277.7372859376285,False,red
12,27,57.0350769263968,False,red
12,28,310.42712510346126,False,red
12,29,113.28283188550682,False,red
12,30,92.77930803794561,False,red
12,31,157.8131806916013,False,red
12,32,39.20459156782532,False,red
12,33,123.08127396155761,False,red
12,34,48.25971404805462,False,red
12,35,236.66220653074288,False,red
12,36,178.61690849412886,False,red
12,37,198.9170681465017,False,red
12,38,122.9186723000212,False,red
12,39,365.0534207482516,False,red
12,40,78.18567643756751,False,red
12,41,234.92339176846565,False,red
12,42,185.34832073693033,False,red
12,43,261.6906570743404,False,red
12,44,44.82186966202994,False,red
12,45,97.57561170702442,False,red
12,46,215.23243250030885,False,red
12,47,275.13632984395207,False,red
12,48,74.33034373659252,False,red
12,49,291.34343994674055,False,red
13,0,172.40939649566667,False,red
13,1,325.39975414864716,False,red
13,2,163.41358572652396,False,red
13,3,149.21461054467824,False,red
13,4,84.86459803710851,False,red
13,5,378.7043701886737,False,red
13,6,166.19265928433782,False,red
13,7,350.6023388398885,False,red
13,8,264.3671689147501,False,red
13,9,259.04825805243314,False,red
13,10,307.4166553718259,False,red
13,11,257.13031715455105,False,red
13,12,63.953107821277925,False,red
13,14,209.33466029303412,False,red
13,15,329.07445965920846,False,red
13,16,301.01494979485653,False,red
13,17,105.54619841567009,False,red
13,18,193.19679086361657,False,red
13,19,113.07077429645558,False,red
13,20,176.47662734764623,False,red
13,21,176.40011337864837,False,red
13,22,143.56183336806478,False,red
13,23,149.0,False,red
13,24,154.20116731075677,False,red
13,25,239.0815760362977,False,red
13,26,320.4122344730301,False,red
13,27,76.40026177965623,False,red
13,28,364.8246153975907,False,red
13,29,53.48831648126533,False,red
13,30,37.013511046643494,False,red
13,31,215.92822881689185,False,red
13,32,47.4236228055175,False,red
13,33,162.00308639035245,False,red
13,34,112.14722466472365,False,red
13,35,262.29182221335077,False,red
13,36,238.41560351621283,False,red
13,37,203.29781110479277,False,red
13,38,141.39660533407442,False,red
13,39,412.50696963808986,False,red
13,40,137.05838172107534,False,red
13,41,296.60917045836595,False,red
13,42,241.3462243334252,False,red
13,43,315.49326458737596,False,red
13,44,99.46356116689167,False,red
13,45,154.74172029546526,False,red
13,46,197.69926656414282,False,red
13,47,272.3416971379888,False,red
13,48,110.11357772772621,False,red
13,49,343.3322006453808,False,red
14,0,151.42654985173505,False,red
14,1,123.69316876852982,False,red
14,2,256.6028059082753,False,red
14,3,215.93517545782115,False,red
14,4,277.41845648766775,False,red
14,5,170.29386365926402,False,red
14,6,63.06346010171025,False,red
14,7,141.50971698084905,False,red
14,8,55.036351623268054,False,red
14,9,110.11357772772621,False,red
14,10,107.22872749408155,False,red
14,11,281.66824457151716,False,red
14,12,148.71785366928881,False,red
14,13,209.33466029303412,False,red
14,15,119.97082978791136,False,red
14,16,189.992105099133,False,red
14,17,167.53805537847214,False,red
14,18,55.00909015790027,False,red
14,19,186.4242473499625,False,red
14,20,139.08630414242805,False,red
14,21,62.81719509815764,False,red
14,22,79.20227269466452,False,red
14,23,98.48857801796105,False,red
14,24,101.51354589413178,False,red
14,25,121.19818480488888,False,red
14,26,168.00297616411441,False,red
14,27,186.76188047886004,False,red
14,28,168.36270370839262,False,red
14,29,249.32308356828895,False,red
14,30,228.06358762415363,False,red
14,31,133.00375934536586,False,red
14,32,166.35504200354134,False,red
14,33,99.00505037623081,False,red
14,34,107.5174404457249,False,red
14,35,184.22811946062956,False,red
14,36,30.4138126514911,False,red
14,37,210.83880098312076,False,red
14,38,147.41099009232656,False,red
14,39,235.72229423624742,False,red
14,40,119.40686747419514,False,red
14,41,152.74161188098023,False,red
14,42,48.83646178829912,False,red
14,43,122.98373876248843,False,red
14,44,140.46351839534705,False,red
14,45,124.61942063739504,False,red
14,46,266.101484400219,False,red
14,47,281.81021982887705,False,red
14,48,119.10499569707393,False,red
14,49,155.2610704587599,False,red
15,0,237.03375287076733,False,red
15,1,62.96824596572466,False,red
15,2,361.4996542183685,False,red
15,3,320.3513695928269,False,red
15,4,393.91369613152574,False,red
15,5,59.16924876994806,False,red
15,6,175.09426032854418,False,red
15,7,21.540659228538015,False,red
15,8,65.14598989960932,False,red
15,9,134.7145129523913,False,red
15,10,50.24937810560445,False,red
15,11,361.8314524747676,False,red
15,12,267.4471910489994,False,red
15,13,329.07445965920846,False,red
15,14,119.97082978791136,False,red
15,16,202.15835377248203,False,red
15,17,274.9727259202265,False,red
15,18,148.07092894960846,False,red
15,19,297.6726389845059,False,red
15,20,232.81322986462774,False,red
15,21,164.14932226482082,False,red
15,22,191.92706948213427,False,red
15,23,201.97277044195835,False,red
15,24,208.24024587000469,False,red
15,25,179.20379460268134,False,red
15,26,167.17057157286985,False,red
15,27,299.4010688023675,False,red
15,28,97.49358953285082,False,red
15,29,369.04877726392755,False,red
15,30,347.85054261852173,False,red
15,31,195.4405280385826,False,red
15,32,286.29530209208815,False,red
15,33,203.03940504246953,False,red
15,34,223.13448859376265,False,red
15,35,238.47222060441337,False,red
15,36,92.64987857520376,False,red
15,37,298.328677803526,False,red
15,38,253.0,False,red
15,39,180.5103875127412,False,red
15,40,222.9910312097776,False,red
15,41,152.08221460775746,False,red
15,42,103.12128781197411,False,red
15,43,87.96590248499699,False,red
15,44,252.40641830191245,False,red
15,45,220.10224896624752,False,red
15,46,363.3414372184929,False,red
15,47,355.84828227771453,False,red
15,48,235.93431289238112,False,red
15,49,108.6876257906115,False,red
16,0,131.38112497615478,False,red
16,1,256.3220630378899,False,red
16,2,416.473288459176,False,red
16,3,380.04341857214155,False,red
16,4,324.154284253656,False,red
16,5,255.8378392654222,False,red
16,6,240.52026941611388,False,red
16,7,211.85844330590177,False,red
16,8,189.84203960134857,False,red
16,9,81.43709228600933,False,red
16,10,152.029602380589,False,red
16,11,463.9159406616677,False,red
16,12,243.51591323771842,False,red
16,13,301.01494979485653,False,red
16,14,189.992105099133,False,red
16,15,202.15835377248203,False,red
16,17,200.10497245196083,False,red
16,18,146.37281168304446,False,red
16,19,341.5333073069155,False,red
16,20,321.0763149159402,False,red
16,21,154.1590088188167,False,red
16,22,179.77764043395385,False,red
16,23,159.67780058605516,False,red
16,24,277.2435752186153,False,red
16,25,310.75713990188547,False,red
16,26,342.83815423607683,False,red
16,27,233.13729860320507,False,red
16,28,298.1358750637031,False,red
16,29,354.1087403609236,False,red
16,30,334.88505490690386,False,red
16,31,85.70297544426332,False,red
16,32,280.95729212818094,False,red
16,33,277.90106153089806,False,red
16,34,200.8706051168264,False,red
16,35,374.20448955083367,False,red
16,36,197.7978766316767,False,red
16,37,391.8009698813927,False,red
16,38,317.5358247505311,False,red
16,39,380.63630935579437,False,red
16,40,165.38742394752995,False,red
16,41,50.08991914547278,False,red
16,42,227.75864418282788,False,red
16,43,273.4264069178396,False,red
16,44,201.8142710513803,False,red
16,45,146.5639792036229,False,red
16,46,435.62024746331525,False,red
16,47,466.9047011971501,False,red
16,48,271.0073799733136,False,red
16,49,302.52437918290155,False,red
17,0,68.8839603971781,False,red
17,1,291.0068727710739,False,red
17,2,252.42028444639706,False,red
17,3,226.24102192131292,False,red
17,4,128.7866452703851,False,red
17,5,331.6519259705874,False,red
17,6,157.70859202973057,False,red
17,7,295.3811097548386,False,red
17,8,216.6702563805194,False,red
17,9,173.3032025093593,False,red
17,10,240.75921581530375,False,red
17,11,330.39370454050726,False,red
17,12,66.64833081180653,False,red
17,13,105.54619841567009,False,red
17,14,167.53805537847214,False,red
17,15,274.9727259202265,False,red
17,16,200.10497245196083,False,red
17,18,126.90547663517127,False,red
17,19,184.44782460088814,False,red
17,20,211.36697944570244,False,red
17,21,111.03603018840326,False,red
17,22,88.50988645343524,False,red
17,23,73.0,False,red
17,24,171.00292395160966,False,red
17,25,249.23081671414553,False,red
17,26,320.7054723574264,False,red
17,27,33.06055050963308,False,red
17,28,335.90028282214945,False,red
17,29,158.8238017426859,False,red
17,30,142.0211251891774,False,red
17,31,118.20744477400736,False,red
17,32,103.60019305001319,False,red
17,33,177.04519197086375,False,red
17,34,66.21933252457322,False,red
17,35,294.0153057240388,False,red
17,36,197.40820651634522,False,red
17,37,264.3671689147501,False,red
17,38,186.75384868858794,False,red
17,39,400.26241392366586,False,red
17,40,52.20153254455275,False,red
17,41,204.07106605298068,False,red
17,42,213.10091506138588,False,red
17,43,289.83443549723347,False,red
17,44,31.25699921617557,False,red
17,45,61.032778078668514,False,red
17,46,281.55461281960913,False,red
17,47,341.1773732239581,False,red
17,48,135.14806694880988,False,red
17,49,321.6224494652076,False,red
18,0,98.08159868191383,False,red
18,1,169.49926253526885,False,red
18,2,276.0235497199469,False,red
18,3,237.59208741033444,False,red
18,4,248.67046467162118,False,red
18,5,205.1389772812568,False,red
18,6,94.26027795418386,False,red
18,7,168.51409436602032,False,red
18,8,92.11405973031478,False,red
18,9,75.23961722390672,False,red
18,10,116.36150566231085,False,red
18,11,317.58620876857987,False,red
18,12,129.24782396620841,False,red
18,13,193.19679086361657,False,red
18,14,55.00909015790027,False,red
18,15,148.07092894960846,False,red
18,16,146.37281168304446,False,red
18,17,126.90547663517127,False,red
18,19,201.69283576765935,False,red
18,20,174.72549899771354,False,red
18,21,17.08800749063506,True,green
18,22,49.64876634922564,False,red
18,23,53.907327887774215,False,red
18,24,130.96946208945045,False,red
18,25,172.35138525698017,False,red
18,26,223.0,False,red
18,27,152.32202729743324,False,red
18,28,215.5736533067063,False,red
18,29,240.53274205396653,False,red
18,30,219.32852071721086,False,red
18,31,79.12016177940993,False,red
18,32,158.0,False,red
18,33,131.52946437965906,False,red
18,34,81.25269226308751,False,red
18,35,233.07080469247967,False,red
18,36,78.84795495128583,False,red
18,37,245.48930730278255,False,red
18,38,172.5340546095176,False,red
18,39,287.64040050034697,False,red
18,40,74.96665925596525,False,red
18,41,118.96217886370441,False,red
18,42,103.31021246711285,False,red
18,43,173.61163555476344,False,red
18,44,105.67875850898325,False,red
18,45,74.43117626371358,False,red
18,46,291.92464781172555,False,red
18,47,320.6009981269553,False,red
18,48,130.0,False,red
18,49,206.18438350175796,False,red
19,0,233.5551326774901,False,red
19,1,272.94321753800733,False,red
19,2,74.94664769020693,False,red
19,3,41.88078318274385,False,red
19,4,195.1640335717624,False,red
19,5,334.619186538967,False,red
19,6,124.19742348374221,False,red
19,7,318.2341904949875,False,red
19,8,235.0,False,red
19,9,276.92778842145833,False,red
19,10,293.53705047233814,False,red
19,11,147.7057886475679,False,red
19,12,117.83462988442744,False,red
19,13,113.07077429645558,False,red
19,14,186.4242473499625,False,red
19,15,297.6726389845059,False,red
19,16,341.5333073069155,False,red
19,17,184.44782460088814,False,red
19,18,201.69283576765935,False,red
19,20,82.20097323024831,False,red
19,21,189.62067397834025,False,red
19,22,161.75598906995685,False,red
19,23,183.83144453547658,False,red
19,24,89.56003573022959,False,red
19,25,155.32224567009067,False,red
19,26,235.84104816592043,False,red
19,27,168.90825912311098,False,red
19,28,303.07754783223385,False,red
19,29,108.40664186294121,False,red
19,30,95.85927185202274,False,red
19,31,258.80494585691366,False,red
19,32,82.87339742040264,False,red
19,33,95.35197952848173,False,red
19,34,144.42298985964803,False,red
19,35,158.927656498169,False,red
19,36,207.00966161027364,False,red
19,37,90.27181176868004,False,red
19,38,48.33218389437829,False,red
19,39,332.4048736104812,False,red
19,40,185.26737435393204,False,red
19,41,320.4496840379157,False,red
19,42,195.6041921841145,False,red
19,43,255.28219679405768,False,red
19,44,160.4244370412438,False,red
19,45,205.10485123467947,False,red
19,46,98.08159868191383,False,red
19,47,161.01242188104618,False,red
19,48,71.69379331573968,False,red
19,49,276.4489102890442,False,red
20,0,239.38462774372127,False,red
20,1,198.45654436173174,False,red
20,2,130.38404810405297,False,red
20,3,90.09439494219383,False,red
20,4,261.30824709526485,False,red
20,5,261.92556194461054,False,red
20,6,80.62257748298549,False,red
20,7,251.87695408671274,False,red
20,8,175.96022277776305,False,red
20,9,245.70307283385773,False,red
20,10,239.40969069776602,False,red
20,11,143.4015341619468,False,red
20,12,151.16216457830973,False,red
20,13,176.47662734764623,False,red
20,14,139.08630414242805,False,red
20,15,232.81322986462774,False,red
20,16,321.0763149159402,False,red
20,17,211.36697944570244,False,red
20,18,174.72549899771354,False,red
20,19,82.20097323024831,False,red
20,21,168.8342382338369,False,red
20,22,152.5319638633162,False,red
20,23,180.23595645708434,False,red
20,24,45.27692569068709,False,red
20,25,73.43023900274328,False,red
20,26,153.67498169838836,False,red
20,27,208.19462048765814,False,red
20,28,224.24317157942625,False,red
20,29,186.67886864881092,False,red
20,30,170.65169205138284,False,red
20,31,247.7357463104588,False,red
20,32,132.5631924781536,False,red
20,33,43.278170016764804,False,red
20,34,151.64761785138597,False,red
20,35,86.58521813797087,False,red
20,36,149.9399879951976,False,red
20,37,71.84705978674423,False,red
20,38,36.40054944640259,False,red
20,39,250.2039168358481,False,red
20,40,190.77997798511248,False,red
20,41,289.54619665953135,False,red
20,42,130.23056476879765,False,red
20,43,178.10109488714548,False,red
20,44,181.1767093199344,False,red
20,45,207.85812469085735,False,red
20,46,130.8166656049603,False,red
20,47,145.91093173576817,False,red
20,48,77.0,False,red
20,49,196.51208614230322,False,red
21,0,88.81441324469807,False,red
21,1,182.47739586041882,False,red
21,2,264.35771220072246,False,red
21,3,226.73773395709856,False,red
21,4,231.70886905770354,False,red
21,5,220.62184841941652,False,red
21,6,89.69392398596462,False,red
21,7,184.8053029542172,False,red
21,8,106.21205204683694,False,red
21,9,88.32326986700618,False,red
21,10,133.41664064126334,False,red
21,11,310.517310306527,False,red
21,12,112.44998888394787,False,red
21,13,176.40011337864837,False,red
21,14,62.81719509815764,False,red
21,15,164.14932226482082,False,red
21,16,154.1590088188167,False,red
21,17,111.03603018840326,False,red
21,18,17.08800749063506,True,green
21,19,189.62067397834025,False,red
21,20,168.8342382338369,False,red
21,22,33.06055050963308,False,red
21,23,38.28837943815329,False,red
21,24,124.08464852672147,False,red
21,25,173.66922582887275,False,red
21,26,229.55827146935917,False,red
21,27,135.6244815658294,False,red
21,28,228.25424421026653,False,red
21,29,224.22310318073826,False,red
21,30,203.08865059377396,False,red
21,31,79.64923100695951,False,red
21,32,142.12670403551894,False,red
21,33,125.60254774486066,False,red
21,34,64.32728814430156,False,red
21,35,232.3316594870359,False,red
21,36,89.96110270555825,False,red
21,37,238.42189496772312,False,red
21,38,163.37686494727458,False,red
21,39,298.21636440678435,False,red
21,40,59.665735560705194,False,red
21,41,131.10301293257908,False,red
21,42,111.61093136427094,False,red
21,43,184.77283350103176,False,red
21,44,88.83692925805124,False,red
21,45,62.03224967708329,False,red
21,46,281.82263926093657,False,red
21,47,314.58703088334715,False,red
21,48,118.1185844818672,False,red
21,49,217.26481537515457,False,red
22,0,88.52683209061533,False,red
22,1,202.87188075236054,False,red
22,2,236.6981199756348,False,red
22,3,200.60159520801423,False,red
22,4,202.03960007879644,False,red
22,5,246.4731222669117,False,red
22,6,80.06247560499239,False,red
22,7,213.06337085477645,False,red
22,8,130.38404810405297,False,red
22,9,120.03332870498926,False,red
22,10,164.80594649465777,False,red
22,11,290.32740139366797,False,red
22,12,79.62411694957753,False,red
22,13,143.56183336806478,False,red
22,14,79.20227269466452,False,red
22,15,191.92706948213427,False,red
22,16,179.77764043395385,False,red
22,17,88.50988645343524,False,red
22,18,49.64876634922564,False,red
22,19,161.75598906995685,False,red
22,20,152.5319638633162,False,red
22,21,33.06055050963308,False,red
22,23,28.160255680657446,False,red
22,24,107.33126291998991,False,red
22,25,171.14321488157222,False,red
22,26,236.13978910806202,False,red
22,27,108.30050784737807,False,red
22,28,247.49343425634547,False,red
22,29,191.1674658512792,False,red
22,30,170.0470523119998,False,red
22,31,98.3107318658548,False,red
22,32,109.29318368498559,False,red
22,33,110.69326989478628,False,red
22,34,31.953090617340916,False,red
22,35,224.6352599215003,False,red
22,36,109.34349546269316,False,red
22,37,218.80585001320233,False,red
22,38,141.01418368376991,False,red
22,39,312.33955881380126,False,red
22,40,44.28317965096906,False,red
22,41,161.68178623456632,False,red
22,42,124.77980605851253,False,red
22,43,201.34050759844627,False,red
22,44,61.5223536610881,False,red
22,45,57.0701322935211,False,red
22,46,256.6028059082753,False,red
22,47,296.24314338056837,False,red
22,48,91.67878707749138,False,red
22,49,233.20591759215716,False,red
23,0,60.41522986797286,False,red
23,1,220.27255843613383,False,red
23,2,258.42793966597344,False,red
23,3,223.89283150650448,False,red
23,4,196.57314160383152,False,red
23,5,258.80494585691366,False,red
23,6,108.06016842481785,False,red
23,7,222.40728405337808,False,red
23,8,144.46106741956464,False,red
23,9,110.11357772772621,False,red
23,10,168.81350656863924,False,red
23,11,316.602274154814,False,red
23,12,86.70063436907483,False,red
23,13,149.0,False,red
23,14,98.48857801796105,False,red
23,15,201.97277044195835,False,red
23,16,159.67780058605516,False,red
23,17,73.0,False,red
23,18,53.907327887774215,False,red
23,19,183.83144453547658,False,red
23,20,180.23595645708434,False,red
23,21,38.28837943815329,False,red
23,22,28.160255680657446,False,red
23,24,135.14806694880988,False,red
23,25,198.56736892047493,False,red
23,26,261.2374398894615,False,red
23,27,99.29753269845128,False,red
23,28,265.83077323741134,False,red
23,29,199.90497742677644,False,red
23,30,179.47980387776224,False,red
23,31,75.16648189186454,False,red
23,32,122.12288892750614,False,red
23,33,138.7155362603627,False,red
23,34,41.23105625617661,False,red
23,35,252.74493071078598,False,red
23,36,127.1416532848303,False,red
23,37,245.46486510293076,False,red
23,38,167.0029939851379,False,red
23,39,334.07334524023315,False,red
23,40,21.400934559032695,False,red
23,41,148.22280526288793,False,red
23,42,146.44111444536333,False,red
23,43,221.41589825484527,False,red
23,44,53.75872022286245,False,red
23,45,29.154759474226502,False,red
23,46,280.30340704315387,False,red
23,47,323.1361941968123,False,red
23,48,116.04309544302927,False,red
23,49,253.74396544548603,False,red
24,0,194.64069461446135,False,red
24,1,185.05404615949362,False,red
24,2,155.72411502397438,False,red
24,3,114.75626344561765,False,red
24,4,237.0232056149777,False,red
24,5,245.69289774024807,False,red
24,6,38.91015291668744,False,red
24,7,228.70942263055102,False,red
24,8,146.34206503941374,False,red
24,9,203.66639388961548,False,red
24,10,206.90335908341362,False,red
24,11,186.6815470259447,False,red
24,12,115.94826432508596,False,red
24,13,154.20116731075677,False,red
24,14,101.51354589413178,False,red
24,15,208.24024587000469,False,red
24,16,277.2435752186153,False,red
24,17,171.00292395160966,False,red
24,18,130.96946208945045,False,red
24,19,89.56003573022959,False,red
24,20,45.27692569068709,False,red
24,21,124.08464852672147,False,red
24,22,107.33126291998991,False,red
24,23,135.14806694880988,False,red
24,25,85.47514258543241,False,red
24,26,166.23477373883,False,red
24,27,172.00290695217916,False,red
24,28,218.44221203787512,False,red
24,29,176.81911661356077,False,red
24,30,157.74663229368798,False,red
24,31,202.6252698949467,False,red
24,32,107.07474025184464,False,red
24,33,7.810249675906654,True,green
24,34,108.50345616615168,False,red
24,35,123.01625908797584,False,red
24,36,118.6086000254619,False,red
24,37,114.56002793295748,False,red
24,38,46.09772228646444,False,red
24,39,258.897663179875,False,red
24,40,146.4547711752676,False,red
24,41,247.7357463104588,False,red
24,42,106.06601717798213,False,red
24,43,169.49926253526885,False,red
24,44,140.089257261219,False,red
24,45,163.04907236779974,False,red
24,46,164.7938105633825,False,red
24,47,190.53608582103286,False,red
24,48,44.41846462902562,False,red
24,49,193.86851214160592,False,red
25,0,258.5207922005501,False,red
25,1,133.5402561027947,False,red
25,2,199.37903600930565,False,red
25,3,160.96272860510285,False,red
25,4,322.4189820714655,False,red
25,5,197.4968354176846,False,red
25,6,92.19544457292888,False,red
25,7,195.49424543960367,False,red
25,8,135.09256086106296,False,red
25,9,229.94347131414713,False,red
25,10,198.66806487203723,False,red
25,11,182.78949641595932,False,red
25,12,200.02499843769527,False,red
25,13,239.0815760362977,False,red
25,14,121.19818480488888,False,red
25,15,179.20379460268134,False,red
25,16,310.75713990188547,False,red
25,17,249.23081671414553,False,red
25,18,172.35138525698017,False,red
25,19,155.32224567009067,False,red
25,20,73.43023900274328,False,red
25,21,173.66922582887275,False,red
25,22,171.14321488157222,False,red
25,23,198.56736892047493,False,red
25,24,85.47514258543241,False,red
25,26,82.07313811473277,False,red
25,27,254.68608128439215,False,red
25,28,153.16984037335808,False,red
25,29,256.7041098229633,False,red
25,30,239.15267090291925,False,red
25,31,251.40604606890423,False,red
25,32,192.28364465029262,False,red
25,33,77.82673062643708,False,red
25,34,183.44754018519845,False,red
25,35,64.4437739428721,False,red
25,36,116.18089343777659,False,red
25,37,123.10158406779338,False,red
25,38,107.80074211247342,False,red
25,39,177.5894140989265,False,red
25,40,215.00930212434997,False,red
25,41,270.80066469637774,False,red
25,42,87.72684879784524,False,red
25,43,110.01818031580054,False,red
25,44,217.99311915746333,False,red
25,45,227.71253808255707,False,red
25,46,192.21082175569617,False,red
25,47,176.7766952966369,False,red
25,48,129.86531484580476,False,red
25,49,124.45481107614924,False,red
26,0,318.2341904949875,False,red
26,1,105.41821474489122,False,red
26,2,271.5437349673161,False,red
26,3,236.18001608942276,False,red
26,4,403.00124069287926,False,red
26,5,159.2388143638353,False,red
26,6,164.1584600317632,False,red
26,7,175.64168070250295,False,red
26,8,153.05554547287727,False,red
26,9,262.2403477728017,False,red
26,10,204.59960899278374,False,red
26,11,230.0347799790284,False,red
26,12,277.7372859376285,False,red
26,13,320.4122344730301,False,red
26,14,168.00297616411441,False,red
26,15,167.17057157286985,False,red
26,16,342.83815423607683,False,red
26,17,320.7054723574264,False,red
26,18,223.0,False,red
26,19,235.84104816592043,False,red
26,20,153.67498169838836,False,red
26,21,229.55827146935917,False,red
26,22,236.13978910806202,False,red
26,23,261.2374398894615,False,red
26,24,166.23477373883,False,red
26,25,82.07313811473277,False,red
26,27,330.2377931127811,False,red
26,28,98.37174391053561,False,red
26,29,338.7048862948393,False,red
26,30,321.22577729690374,False,red
26,31,299.80827206733306,False,red
26,32,273.30020124398004,False,red
26,33,158.4455742518547,False,red
26,34,254.568261965234,False,red
26,35,99.72462083156798,False,red
26,36,148.49242404917499,False,red
26,37,187.2591786802452,False,red
26,38,189.17980864775183,False,red
26,39,96.79876032264049,False,red
26,40,280.25167260874645,False,red
26,41,296.5889411289639,False,red
26,42,120.26637102698326,False,red
26,43,79.2464510246358,False,red
26,44,289.98103386256145,False,red
26,45,289.5047495292607,False,red
26,46,257.41989045137905,False,red
26,47,217.38905216224666,False,red
26,48,210.54453210663058,False,red
26,49,69.46221994724903,False,red
27,0,101.83319694480774,False,red
27,1,310.2579571904643,False,red
27,2,232.04525420701884,False,red
27,3,209.84756372185979,False,red
27,4,97.73944955850733,False,red
27,5,354.682957019364,False,red
27,6,166.1114083980989,False,red
27,7,320.2639536382451,False,red
27,8,238.6734170367534,False,red
27,9,204.46271053666484,False,red
27,10,268.0783467570628,False,red
27,11,316.5454153830063,False,red
27,12,57.0350769263968,False,red
27,13,76.40026177965623,False,red
27,14,186.76188047886004,False,red
27,15,299.4010688023675,False,red
27,16,233.13729860320507,False,red
27,17,33.06055050963308,False,red
27,18,152.32202729743324,False,red
27,19,168.90825912311098,False,red
27,20,208.19462048765814,False,red
27,21,135.6244815658294,False,red
27,22,108.30050784737807,False,red
27,23,99.29753269845128,False,red
27,24,172.00290695217916,False,red
27,25,254.68608128439215,False,red
27,26,330.2377931127811,False,red
27,28,354.0536682481909,False,red
27,29,128.63125592172378,False,red
27,30,113.4063490286148,False,red
27,31,151.08275877809487,False,red
27,32,86.03487664894976,False,red
27,33,178.86866690396056,False,red
27,34,79.64923100695951,False,red
27,35,293.53705047233814,False,red
27,36,217.13820483738002,False,red
27,37,253.97047072445253,False,red
27,38,179.47144619688115,False,red
27,39,414.18474138963643,False,red
27,40,80.4114419718985,False,red
27,41,236.54597861726586,False,red
27,42,229.40139493908924,False,red
27,43,306.6023483276017,False,red
27,44,47.01063709417264,False,red
27,45,92.57429448826494,False,red
27,46,263.41222446955646,False,red
27,47,328.9878417206326,False,red
27,48,131.30879635424276,False,red
27,49,337.6062795624513,False,red
28,0,312.7746792820672,False,red
28,1,46.238512086787566,False,red
28,2,352.51241112902676,False,red
28,3,313.639920928443,False,red
28,4,440.55533137166776,False,red
28,5,65.06919393998976,False,red
28,6,198.65799757371965,False,red
28,7,95.46203433826454,False,red
28,8,124.42266674525185,False,red
28,9,225.39077177204928,False,red
28,10,146.4923206178399,False,red
28,11,324.96307482543307,False,red
28,12,310.42712510346126,False,red
28,13,364.8246153975907,False,red
28,14,168.36270370839262,False,red
28,15,97.49358953285082,False,red
28,16,298.1358750637031,False,red
28,17,335.90028282214945,False,red
28,18,215.5736533067063,False,red
28,19,303.07754783223385,False,red
28,20,224.24317157942625,False,red
28,21,228.25424421026653,False,red
28,22,247.49343425634547,False,red
28,23,265.83077323741134,False,red
28,24,218.44221203787512,False,red
28,25,153.16984037335808,False,red
28,26,98.37174391053561,False,red
28,27,354.0536682481909,False,red
28,29,394.5326348985594,False,red
28,30,374.70655185091175,False,red
28,31,279.43514453268045,False,red
28,32,318.0251562376788,False,red
28,33,211.17765033260503,False,red
28,34,274.40481045346127,False,red
28,35,193.74725804511402,False,red
28,36,138.75518008348374,False,red
28,37,274.23530042647684,False,red
28,38,254.77833502870686,False,red
28,39,83.02409288875127,False,red
28,40,287.08883642524313,False,red
28,41,248.29015284541592,False,red
28,42,125.2078272313676,False,red
28,43,49.4064773081425,False,red
28,44,308.40233462151355,False,red
28,45,289.8068322175997,False,red
28,46,344.33123587615455,False,red
28,47,313.82319863260585,False,red
28,48,257.9379770409933,False,red
28,49,30.066592756745816,False,red
29,0,225.89378034819816,False,red
29,1,358.2987580218497,False,red
29,2,133.37541002748594,False,red
29,3,132.67252918370102,False,red
29,4,99.82484660644363,False,red
29,5,415.1939305914767,False,red
29,6,198.12369873389704,False,red
29,7,390.5444917035702,False,red
29,8,303.9029450334432,False,red
29,9,309.3169895107606,False,red
29,10,351.86929391465804,False,red
29,11,235.2126697267815,False,red
29,12,113.28283188550682,False,red
29,13,53.48831648126533,False,red
29,14,249.32308356828895,False,red
29,15,369.04877726392755,False,red
29,16,354.1087403609236,False,red
29,17,158.8238017426859,False,red
29,18,240.53274205396653,False,red
29,19,108.40664186294121,False,red
29,20,186.67886864881092,False,red
29,21,224.22310318073826,False,red
29,22,191.1674658512792,False,red
29,23,199.90497742677644,False,red
29,24,176.81911661356077,False,red
29,25,256.7041098229633,False,red
29,26,338.7048862948393,False,red
29,27,128.63125592172378,False,red
29,28,394.5326348985594,False,red
29,30,21.37755832643195,False,red
29,31,268.7824399026097,False,red
29,32,83.54639429682169,False,red
29,33,184.40173534975207,False,red
29,34,161.02794788483146,False,red
29,35,267.22649569232465,False,red
29,36,276.739950133695,False,red
29,37,193.84787850270635,False,red
29,38,150.33296378372907,False,red
29,39,433.94124026185847,False,red
29,40,189.45184084616332,False,red
29,41,348.08045047086455,False,red
29,42,275.0727176584403,False,red
29,43,345.2491853719571,False,red
29,44,152.31546211727817,False,red
29,45,207.62466134830902,False,red
29,46,170.18813119603846,False,red
29,47,253.04742638485774,False,red
29,48,136.95254652615992,False,red
29,49,370.62110031675206,False,red
30,0,207.85812469085735,False,red
30,1,337.91271062213684,False,red
30,2,132.67252918370102,False,red
30,3,125.39936203984452,False,red
30,4,102.0196059588548,False,red
30,5,394.361509277972,False,red
30,6,177.5894140989265,False,red
30,7,369.3561966449189,False,red
30,8,282.7083302628347,False,red
30,9,288.5619517538652,False,red
30,10,330.49205739321485,False,red
30,11,231.26175645791503,False,red
30,12,92.77930803794561,False,red
30,13,37.013511046643494,False,red
30,14,228.06358762415363,False,red
30,15,347.85054261852173,False,red
30,16,334.88505490690386,False,red
30,17,142.0211251891774,False,red
30,18,219.32852071721086,False,red
30,19,95.85927185202274,False,red
30,20,170.65169205138284,False,red
30,21,203.08865059377396,False,red
30,22,170.0470523119998,False,red
30,23,179.47980387776224,False,red
30,24,157.74663229368798,False,red
30,25,239.15267090291925,False,red
30,26,321.22577729690374,False,red
30,27,113.4063490286148,False,red
30,28,374.70655185091175,False,red
30,29,21.37755832643195,False,red
30,31,249.35316320431951,False,red
30,32,62.16912416947821,False,red
30,33,165.42369842317032,False,red
30,34,140.1748907615055,False,red
30,35,253.23704310388715,False,red
30,36,255.62472493872733,False,red
30,37,184.39088914585776,False,red
30,38,134.27211177307072,False,red
30,39,415.8653628279229,False,red
30,40,169.77926846349644,False,red
30,41,327.70260908329675,False,red
30,42,254.46807265352564,False,red
30,43,325.35826407208407,False,red
30,44,133.15029102484155,False,red
30,45,188.32153355365392,False,red
30,46,168.51409436602032,False,red
30,47,248.0080643850115,False,red
30,48,116.81181447096864,False,red
30,49,351.2164574731657,False,red
31,0,53.14132102234569,False,red
31,1,233.5679772571574,False,red
31,2,333.51611655210905,False,red
31,3,298.4660784745898,False,red
31,4,245.9532475898621,False,red
31,5,254.53094114468678,False,red
31,6,169.30741271426953,False,red
31,7,212.14381914163798,False,red
31,8,156.348968656656,False,red
31,9,65.76473218982953,False,red
31,10,149.77316181479245,False,red
31,11,387.98066962156764,False,red
31,12,157.8131806916013,False,red
31,13,215.92822881689185,False,red
31,14,133.00375934536586,False,red
31,15,195.4405280385826,False,red
31,16,85.70297544426332,False,red
31,17,118.20744477400736,False,red
31,18,79.12016177940993,False,red
31,19,258.80494585691366,False,red
31,20,247.7357463104588,False,red
31,21,79.64923100695951,False,red
31,22,98.3107318658548,False,red
31,23,75.16648189186454,False,red
31,24,202.6252698949467,False,red
31,25,251.40604606890423,False,red
31,26,299.80827206733306,False,red
31,27,151.08275877809487,False,red
31,28,279.43514453268045,False,red
31,29,268.7824399026097,False,red
31,30,249.35316320431951,False,red
31,32,195.386795869117,False,red
31,33,204.68512403201166,False,red
31,34,115.97413504743201,False,red
31,35,311.46428366668306,False,red
31,36,152.00328943809077,False,red
31,37,316.12813857674865,False,red
31,38,239.10667075596197,False,red
31,39,356.91035288990986,False,red
31,40,79.6994353806851,False,red
31,41,86.83317338436964,False,red
31,42,179.5466513193716,False,red
31,43,243.11519903124116,False,red
31,44,116.49892703368559,False,red
31,45,61.18823416311342,False,red
31,46,354.682957019364,False,red
31,47,393.0203557069277,False,red
31,48,189.84203960134857,False,red
31,49,275.2235455043772,False,red
32,0,160.4244370412438,False,red
32,1,279.3313444638822,False,red
32,2,148.8388390172404,False,red
32,3,123.97580409095961,False,red
32,4,130.24976007655445,False,red
32,5,334.0688551780905,False,red
32,6,119.4026800369238,False,red
32,7,307.82624969290714,False,red
32,8,221.2080468699093,False,red
32,9,228.97379762758882,False,red
32,10,268.32815729997475,False,red
32,11,230.53199344125753,False,red
32,12,39.20459156782532,False,red
32,13,47.4236228055175,False,red
32,14,166.35504200354134,False,red
32,15,286.29530209208815,False,red
32,16,280.95729212818094,False,red
32,17,103.60019305001319,False,red
32,18,158.0,False,red
32,19,82.87339742040264,False,red
32,20,132.5631924781536,False,red
32,21,142.12670403551894,False,red
32,22,109.29318368498559,False,red
32,23,122.12288892750614,False,red
32,24,107.07474025184464,False,red
32,25,192.28364465029262,False,red
32,26,273.30020124398004,False,red
32,27,86.03487664894976,False,red
32,28,318.0251562376788,False,red
32,29,83.54639429682169,False,red
32,30,62.16912416947821,False,red
32,31,195.386795869117,False,red
32,33,114.85643212288983,False,red
32,34,81.25269226308751,False,red
32,35,219.09358730916796,False,red
32,36,194.4659353203023,False,red
32,37,169.30741271426953,False,red
32,38,99.29753269845128,False,red
32,39,365.0986168146902,False,red
32,40,116.27553482998907,False,red
32,41,269.46613887462746,False,red
32,42,195.35864454894235,False,red
32,43,268.6428856307198,False,red
32,44,84.02380615040002,False,red
32,45,136.0,False,red
32,46,178.3704011320264,False,red
32,47,243.26323191144198,False,red
32,48,62.80127387243033,False,red
32,49,296.1418578992169,False,red
33,0,198.59506539690256,False,red
33,1,178.35358140502814,False,red
33,2,159.66527487215245,False,red
33,3,118.53269591129698,False,red
33,4,244.7549795203358,False,red
33,5,239.40342520523802,False,red
33,6,37.8021163428716,False,red
33,7,223.32263655975405,False,red
33,8,141.90489773083945,False,red
33,9,203.21663317750347,False,red
33,10,203.2732151563506,False,red
33,11,186.19613314996636,False,red
33,12,123.08127396155761,False,red
33,13,162.00308639035245,False,red
33,14,99.00505037623081,False,red
33,15,203.03940504246953,False,red
33,16,277.90106153089806,False,red
33,17,177.04519197086375,False,red
33,18,131.52946437965906,False,red
33,19,95.35197952848173,False,red
33,20,43.278170016764804,False,red
33,21,125.60254774486066,False,red
33,22,110.69326989478628,False,red
33,23,138.7155362603627,False,red
33,24,7.810249675906654,True,green
33,25,77.82673062643708,False,red
33,26,158.4455742518547,False,red
33,27,178.86866690396056,False,red
33,28,211.17765033260503,False,red
33,29,184.40173534975207,False,red
33,30,165.42369842317032,False,red
33,31,204.68512403201166,False,red
33,32,114.85643212288983,False,red
33,34,113.7453295744489,False,red
33,35,117.2092146548214,False,red
33,36,114.42464769445436,False,red
33,37,114.21471008587291,False,red
33,38,50.15974481593781,False,red
33,39,251.10356429170812,False,red
33,40,150.86417732516887,False,red
33,41,247.20032362438363,False,red
33,42,100.40418317978589,False,red
33,43,162.34839081432253,False,red
33,44,146.0,False,red
33,45,166.97305171793442,False,red
33,46,167.14065932620943,False,red
33,47,189.17980864775183,False,red
33,48,52.15361924162119,False,red
33,49,186.3866948041088,False,red
34,0,90.69729874698585,False,red
34,1,230.72927859289987,False,red
34,2,218.4879859397308,False,red
34,3,185.26737435393204,False,red
34,4,170.84788555905513,False,red
34,5,276.8104044287353,False,red
34,6,91.59148432032315,False,red
34,7,244.38698819699874,False,red
34,8,160.60199251565965,False,red
34,9,148.4082207965583,False,red
34,10,196.7587355112855,False,red
34,11,281.8598942737331,False,red
34,12,48.25971404805462,False,red
34,13,112.14722466472365,False,red
34,14,107.5174404457249,False,red
34,15,223.13448859376265,False,red
34,16,200.8706051168264,False,red
34,17,66.21933252457322,False,red
34,18,81.25269226308751,False,red
34,19,144.42298985964803,False,red
34,20,151.64761785138597,False,red
34,21,64.32728814430156,False,red
34,22,31.953090617340916,False,red
34,23,41.23105625617661,False,red
34,24,108.50345616615168,False,red
34,25,183.44754018519845,False,red
34,26,254.568261965234,False,red
34,27,79.64923100695951,False,red
34,28,274.40481045346127,False,red
34,29,161.02794788483146,False,red
34,30,140.1748907615055,False,red
34,31,115.97413504743201,False,red
34,32,81.25269226308751,False,red
34,33,113.7453295744489,False,red
34,35,230.8679276123039,False,red
34,36,137.93114224133723,False,red
34,37,212.05895406702354,False,red
34,38,132.8834075421006,False,red
34,39,335.5964838909967,False,red
34,40,41.400483088968905,False,red
34,41,188.2817038376273,False,red
34,42,149.84325143295575,False,red
34,43,227.03523955544875,False,red
34,44,35.4682957019364,False,red
34,45,60.876925020897694,False,red
34,46,241.84705910967782,False,red
34,47,289.9465467978538,False,red
34,48,80.26207074328447,False,red
34,49,258.21309029559285,False,red
35,0,313.1549137407874,False,red
35,1,185.94622878671134,False,red
35,2,177.867928531256,False,red
35,3,147.32277488562318,False,red
35,4,347.1440623141925,False,red
35,5,247.8790027412568,False,red
35,6,144.80676779764127,False,red
35,7,252.83393759541065,False,red
35,8,198.97989848223364,False,red
35,9,293.7771264070775,False,red
35,10,261.9045627704871,False,red
35,11,131.24404748406687,False,red
35,12,236.66220653074288,False,red
35,13,262.29182221335077,False,red
35,14,184.22811946062956,False,red
35,15,238.47222060441337,False,red
35,16,374.20448955083367,False,red
35,17,294.0153057240388,False,red
35,18,233.07080469247967,False,red
35,19,158.927656498169,False,red
35,20,86.58521813797087,False,red
35,21,232.3316594870359,False,red
35,22,224.6352599215003,False,red
35,23,252.74493071078598,False,red
35,24,123.01625908797584,False,red
35,25,64.4437739428721,False,red
35,26,99.72462083156798,False,red
35,27,293.53705047233814,False,red
35,28,193.74725804511402,False,red
35,29,267.22649569232465,False,red
35,30,253.23704310388715,False,red
35,31,311.46428366668306,False,red
35,32,219.09358730916796,False,red
35,33,117.2092146548214,False,red
35,34,230.8679276123039,False,red
35,36,180.62391868188442,False,red
35,37,90.82400563727631,False,red
35,38,120.90492132250036,False,red
35,39,191.3765920900464,False,red
35,40,266.8220380703213,False,red
35,41,335.0373113550191,False,red
35,42,152.029602380589,False,red
35,43,159.76545308670458,False,red
35,44,263.0931394012394,False,red
35,45,281.6842203603177,False,red
35,46,159.53056133543816,False,red
35,47,120.61923561356207,False,red
35,48,162.36378906640482,False,red
35,49,163.68872899500442,False,red
36,0,176.92088627406318,False,red
36,1,93.60021367496978,False,red
36,2,274.08392875176025,False,red
36,3,232.95707759155977,False,red
36,4,307.67515336796373,False,red
36,5,140.45995870709916,False,red
36,6,83.15046602394962,False,red
36,7,114.0175425099138,False,red
36,8,28.071337695236398,False,red
36,9,116.36150566231085,False,red
36,10,89.49301648732151,False,red
36,11,288.87713651308576,False,red
36,12,178.61690849412886,False,red
36,13,238.41560351621283,False,red
36,14,30.4138126514911,False,red
36,15,92.64987857520376,False,red
36,16,197.7978766316767,False,red
36,17,197.40820651634522,False,red
36,18,78.84795495128583,False,red
36,19,207.00966161027364,False,red
36,20,149.9399879951976,False,red
36,21,89.96110270555825,False,red
36,22,109.34349546269316,False,red
36,23,127.1416532848303,False,red
36,24,118.6086000254619,False,red
36,25,116.18089343777659,False,red
36,26,148.49242404917499,False,red
36,27,217.13820483738002,False,red
36,28,138.75518008348374,False,red
36,29,276.739950133695,False,red
36,30,255.62472493872733,False,red
36,31,152.00328943809077,False,red
36,32,194.4659353203023,False,red
36,33,114.42464769445436,False,red
36,34,137.93114224133723,False,red
36,35,180.62391868188442,False,red
36,37,220.14540649307222,False,red
36,38,164.47796204963143,False,red
36,39,208.806130178211,False,red
36,40,148.35430563350698,False,red
36,41,155.32224567009067,False,red
36,42,29.966648127543394,False,red
36,43,94.92101980067429,False,red
36,44,170.74249617479535,False,red
36,45,151.92432326655268,False,red
36,46,280.0803456153252,False,red
36,47,286.7821472825671,False,red
36,48,143.37712509323097,False,red
36,49,127.47156545677157,False,red
37,0,302.39874338363245,False,red
37,1,256.56383221335,False,red
37,2,87.41853350405736,False,red
37,3,62.64982043070834,False,red
37,4,285.1105048924013,False,red
37,5,320.5635662392094,False,red
37,6,151.9802618763371,False,red
37,7,316.1392098427527,False,red
37,8,245.12037858978596,False,red
37,9,317.34523787194286,False,red
37,10,309.23292192132453,False,red
37,11,72.12489168102785,False,red
37,12,198.9170681465017,False,red
37,13,203.29781110479277,False,red
37,14,210.83880098312076,False,red
37,15,298.328677803526,False,red
37,16,391.8009698813927,False,red
37,17,264.3671689147501,False,red
37,18,245.48930730278255,False,red
37,19,90.27181176868004,False,red
37,20,71.84705978674423,False,red
37,21,238.42189496772312,False,red
37,22,218.80585001320233,False,red
37,23,245.46486510293076,False,red
37,24,114.56002793295748,False,red
37,25,123.10158406779338,False,red
37,26,187.2591786802452,False,red
37,27,253.97047072445253,False,red
37,28,274.23530042647684,False,red
37,29,193.84787850270635,False,red
37,30,184.39088914585776,False,red
37,31,316.12813857674865,False,red
37,32,169.30741271426953,False,red
37,33,114.21471008587291,False,red
37,34,212.05895406702354,False,red
37,35,90.82400563727631,False,red
37,36,220.14540649307222,False,red
37,38,79.17701686727027,False,red
37,39,281.5386296762844,False,red
37,40,253.03161857759991,False,red
37,41,361.26029397098154,False,red
37,42,197.9747458642137,False,red
37,43,233.01931250435015,False,red
37,44,236.57768280207665,False,red
37,45,271.48664792214,False,red
37,46,70.40596565632774,False,red
37,47,77.89736837660179,False,red
37,48,131.9280106724876,False,red
37,49,244.60784942433878,False,red
38,0,223.29352879114074,False,red
38,1,225.32199182503248,False,red
38,2,109.65856099730654,False,red
38,3,68.65857557508748,False,red
38,4,226.24102192131292,False,red
38,5,287.5586896617802,False,red
38,6,84.43340571124678,False,red
38,7,273.11719096387907,False,red
38,8,192.04426573058618,False,red
38,9,246.78938388836744,False,red
38,10,252.99011838409817,False,red
38,11,149.61617559608987,False,red
38,12,122.9186723000212,False,red
38,13,141.39660533407442,False,red
38,14,147.41099009232656,False,red
38,15,253.0,False,red
38,16,317.5358247505311,False,red
38,17,186.75384868858794,False,red
38,18,172.5340546095176,False,red
38,19,48.33218389437829,False,red
38,20,36.40054944640259,False,red
38,21,163.37686494727458,False,red
38,22,141.01418368376991,False,red
38,23,167.0029939851379,False,red
38,24,46.09772228646444,False,red
38,25,107.80074211247342,False,red
38,26,189.17980864775183,False,red
38,27,179.47144619688115,False,red
38,28,254.77833502870686,False,red
38,29,150.33296378372907,False,red
38,30,134.27211177307072,False,red
38,31,239.10667075596197,False,red
38,32,99.29753269845128,False,red
38,33,50.15974481593781,False,red
38,34,132.8834075421006,False,red
38,35,120.90492132250036,False,red
38,36,164.47796204963143,False,red
38,37,79.17701686727027,False,red
38,39,285.3296339324046,False,red
38,40,173.90802166662698,False,red
38,41,290.8745434031655,False,red
38,42,150.08331019803634,False,red
38,43,207.13522153414664,False,red
38,44,158.11388300841898,False,red
38,45,192.50974001333023,False,red
38,46,119.88327656516567,False,red
38,47,157.0636813525011,False,red
38,48,52.80151512977634,False,red
38,49,228.12277396174193,False,red
39,0,385.72140205075476,False,red
39,1,125.06398362438324,False,red
39,2,367.2083877037669,False,red
39,3,332.6695056659086,False,red
39,4,493.25855289087485,False,red
39,5,140.45995870709916,False,red
39,6,249.94799459087486,False,red
39,7,177.2004514666935,False,red
39,8,200.5691900566984,False,red
39,9,306.23520372419625,False,red
39,10,229.36651891677653,False,red
39,11,316.1803282938393,False,red
39,12,365.0534207482516,False,red
39,13,412.50696963808986,False,red
39,14,235.72229423624742,False,red
39,15,180.5103875127412,False,red
39,16,380.63630935579437,False,red
39,17,400.26241392366586,False,red
39,18,287.64040050034697,False,red
39,19,332.4048736104812,False,red
39,20,250.2039168358481,False,red
39,21,298.21636440678435,False,red
39,22,312.33955881380126,False,red
39,23,334.07334524023315,False,red
39,24,258.897663179875,False,red
39,25,177.5894140989265,False,red
39,26,96.79876032264049,False,red
39,27,414.18474138963643,False,red
39,28,83.02409288875127,False,red
39,29,433.94124026185847,False,red
39,30,415.8653628279229,False,red
39,31,356.91035288990986,False,red
39,32,365.0986168146902,False,red
39,33,251.10356429170812,False,red
39,34,335.5964838909967,False,red
39,35,191.3765920900464,False,red
39,36,208.806130178211,False,red
39,37,281.5386296762844,False,red
39,38,285.3296339324046,False,red
39,40,354.6956441796262,False,red
39,41,330.94561486745823,False,red
39,42,187.77113729218343,False,red
39,43,114.23659658795863,False,red
39,44,370.8274531369003,False,red
39,45,360.22354170709053,False,red
39,46,350.891721190455,False,red
39,47,300.6725793949292,False,red
39,48,302.4516490284025,False,red
39,49,81.78630692236935,False,red
40,0,49.39635614091387,False,red
40,1,241.59884105682295,False,red
40,2,258.7991499213241,False,red
40,3,226.38462845343543,False,red
40,4,178.13758727455584,False,red
40,5,280.0464247227591,False,red
40,6,123.25988804148737,False,red
40,7,243.28789530101986,False,red
40,8,165.85837331892532,False,red
40,9,124.95199078045935,False,red
40,10,188.67962264113208,False,red
40,11,323.1361941968123,False,red
40,12,78.18567643756751,False,red
40,13,137.05838172107534,False,red
40,14,119.40686747419514,False,red
40,15,222.9910312097776,False,red
40,16,165.38742394752995,False,red
40,17,52.20153254455275,False,red
40,18,74.96665925596525,False,red
40,19,185.26737435393204,False,red
40,20,190.77997798511248,False,red
40,21,59.665735560705194,False,red
40,22,44.28317965096906,False,red
40,23,21.400934559032695,False,red
40,24,146.4547711752676,False,red
40,25,215.00930212434997,False,red
40,26,280.25167260874645,False,red
40,27,80.4114419718985,False,red
40,28,287.08883642524313,False,red
40,29,189.45184084616332,False,red
40,30,169.77926846349644,False,red
40,31,79.6994353806851,False,red
40,32,116.27553482998907,False,red
40,33,150.86417732516887,False,red
40,34,41.400483088968905,False,red
40,35,266.8220380703213,False,red
40,36,148.35430563350698,False,red
40,37,253.03161857759991,False,red
40,38,173.90802166662698,False,red
40,39,354.6956441796262,False,red
40,41,160.0124995117569,False,red
40,42,166.94010902116963,False,red
40,43,242.39018131929353,False,red
40,44,38.0,False,red
40,45,20.0,False,red
40,46,282.96996307028775,False,red
40,47,330.9274845037807,False,red
40,48,121.49074038789952,False,red
40,49,274.64158461529456,False,red
41,0,139.84276885130672,False,red
41,1,207.04105872990507,False,red
41,2,394.93923583255184,False,red
41,3,356.5305036038291,False,red
41,4,332.45902003104084,False,red
41,5,205.99514557387025,False,red
41,6,209.40152817016403,False,red
41,7,161.94134740701648,False,red
41,8,143.7810835958611,False,red
41,9,44.10215414239989,False,red
41,10,102.0,False,red
41,11,432.92609068985433,False,red
41,12,234.92339176846565,False,red
41,13,296.60917045836595,False,red
41,14,152.74161188098023,False,red
41,15,152.08221460775746,False,red
41,16,50.08991914547278,False,red
41,17,204.07106605298068,False,red
41,18,118.96217886370441,False,red
41,19,320.4496840379157,False,red
41,20,289.54619665953135,False,red
41,21,131.10301293257908,False,red
41,22,161.68178623456632,False,red
41,23,148.22280526288793,False,red
41,24,247.7357463104588,False,red
41,25,270.80066469637774,False,red
41,26,296.5889411289639,False,red
41,27,236.54597861726586,False,red
41,28,248.29015284541592,False,red
41,29,348.08045047086455,False,red
41,30,327.70260908329675,False,red
41,31,86.83317338436964,False,red
41,32,269.46613887462746,False,red
41,33,247.20032362438363,False,red
41,34,188.2817038376273,False,red
41,35,335.0373113550191,False,red
41,36,155.32224567009067,False,red
41,37,361.26029397098154,False,red
41,38,290.8745434031655,False,red
41,39,330.94561486745823,False,red
41,40,160.0124995117569,False,red
41,42,185.0756602041446,False,red
41,43,225.08887133752305,False,red
41,44,198.01010075246163,False,red
41,45,144.34680460612904,False,red
41,46,410.58494857946266,False,red
41,47,434.08409323540064,False,red
41,48,248.78102821557758,False,red
41,49,253.50345165302977,False,red
42,0,200.26232796010336,False,red
42,1,84.0535543567314,False,red
42,2,258.37956575549856,False,red
42,3,217.23029254687293,False,red
42,4,315.48375552474965,False,red
42,5,140.73023839957068,False,red
42,6,76.96752561957543,False,red
42,7,123.03657992645927,False,red
42,8,48.02082881417188,False,red
42,9,146.32156368765337,False,red
42,10,112.37882362794157,False,red
42,11,264.76404589747455,False,red
42,12,185.34832073693033,False,red
42,13,241.3462243334252,False,red
42,14,48.83646178829912,False,red
42,15,103.12128781197411,False,red
42,16,227.75864418282788,False,red
42,17,213.10091506138588,False,red
42,18,103.31021246711285,False,red
42,19,195.6041921841145,False,red
42,20,130.23056476879765,False,red
42,21,111.61093136427094,False,red
42,22,124.77980605851253,False,red
42,23,146.44111444536333,False,red
42,24,106.06601717798213,False,red
42,25,87.72684879784524,False,red
42,26,120.26637102698326,False,red
42,27,229.40139493908924,False,red
42,28,125.2078272313676,False,red
42,29,275.0727176584403,False,red
42,30,254.46807265352564,False,red
42,31,179.5466513193716,False,red
42,32,195.35864454894235,False,red
42,33,100.40418317978589,False,red
42,34,149.84325143295575,False,red
42,35,152.029602380589,False,red
42,36,29.966648127543394,False,red
42,37,197.9747458642137,False,red
42,38,150.08331019803634,False,red
42,39,187.77113729218343,False,red
42,40,166.94010902116963,False,red
42,41,185.0756602041446,False,red
42,43,77.20103626247513,False,red
42,44,184.45866745696716,False,red
42,45,173.21951391226105,False,red
42,46,261.03064954139006,False,red
42,47,261.36947029062134,False,red
42,48,138.53880322855397,False,red
42,49,108.55873986004075,False,red
43,0,271.67075661542964,False,red
43,1,26.92582403567252,False,red
43,2,307.7661449867415,False,red
43,3,268.09140232390894,False,red
43,4,391.74736757252117,False,red
43,5,88.45903006477066,False,red
43,6,149.30505684671232,False,red
43,7,97.0051545022222,False,red
43,8,87.14355971613737,False,red
43,9,195.57607215607945,False,red
43,10,128.03515142334936,False,red
43,11,289.0882218285622,False,red
43,12,261.6906570743404,False,red
43,13,315.49326458737596,False,red
43,14,122.98373876248843,False,red
43,15,87.96590248499699,False,red
43,16,273.4264069178396,False,red
43,17,289.83443549723347,False,red
43,18,173.61163555476344,False,red
43,19,255.28219679405768,False,red
43,20,178.10109488714548,False,red
43,21,184.77283350103176,False,red
43,22,201.34050759844627,False,red
43,23,221.41589825484527,False,red
43,24,169.49926253526885,False,red
43,25,110.01818031580054,False,red
43,26,79.2464510246358,False,red
43,27,306.6023483276017,False,red
43,28,49.4064773081425,False,red
43,29,345.2491853719571,False,red
43,30,325.35826407208407,False,red
43,31,243.11519903124116,False,red
43,32,268.6428856307198,False,red
43,33,162.34839081432253,False,red
43,34,227.03523955544875,False,red
43,35,159.76545308670458,False,red
43,36,94.92101980067429,False,red
43,37,233.01931250435015,False,red
43,38,207.13522153414664,False,red
43,39,114.23659658795863,False,red
43,40,242.39018131929353,False,red
43,41,225.08887133752305,False,red
43,42,77.20103626247513,False,red
43,44,261.5434954266689,False,red
43,45,246.78938388836744,False,red
43,46,302.2002647252315,False,red
43,47,280.14639030335553,False,red
43,48,208.568933448872,False,red
43,49,32.57299494980466,False,red
44,0,76.55063683601855,False,red
44,1,264.14011433328335,False,red
44,2,231.3547060251855,False,red
44,3,202.27209397245088,False,red
44,4,143.1258187749506,False,red
44,5,307.7174028227848,False,red
44,6,126.60568707605516,False,red
44,7,273.30020124398004,False,red
44,8,191.7837323653912,False,red
44,9,162.49615380063616,False,red
44,10,221.81974664127628,False,red
44,11,304.11346566701053,False,red
44,12,44.82186966202994,False,red
44,13,99.46356116689167,False,red
44,14,140.46351839534705,False,red
44,15,252.40641830191245,False,red
44,16,201.8142710513803,False,red
44,17,31.25699921617557,False,red
44,18,105.67875850898325,False,red
44,19,160.4244370412438,False,red
44,20,181.1767093199344,False,red
44,21,88.83692925805124,False,red
44,22,61.5223536610881,False,red
44,23,53.75872022286245,False,red
44,24,140.089257261219,False,red
44,25,217.99311915746333,False,red
44,26,289.98103386256145,False,red
44,27,47.01063709417264,False,red
44,28,308.40233462151355,False,red
44,29,152.31546211727817,False,red
44,30,133.15029102484155,False,red
44,31,116.49892703368559,False,red
44,32,84.02380615040002,False,red
44,33,146.0,False,red
44,34,35.4682957019364,False,red
44,35,263.0931394012394,False,red
44,36,170.74249617479535,False,red
44,37,236.57768280207665,False,red
44,38,158.11388300841898,False,red
44,39,370.8274531369003,False,red
44,40,38.0,False,red
44,41,198.01010075246163,False,red
44,42,184.45866745696716,False,red
44,43,261.5434954266689,False,red
44,45,55.31726674375732,False,red
44,46,258.40278636268613,False,red
44,47,313.95700342562833,False,red
44,48,105.77334257741882,False,red
44,49,292.9846412356798,False,red
45,0,31.622776601683793,False,red
45,1,243.82370680473218,False,red
45,2,278.7561658510893,False,red
45,3,246.1097316239242,False,red
45,4,189.70766985021982,False,red
45,5,278.22652641328074,False,red
45,6,137.11673858431726,False,red
45,7,239.71024175032656,False,red
45,8,166.5322791533221,False,red
45,9,112.27199116431488,False,red
45,10,182.42806801586207,False,red
45,11,341.9839177505281,False,red
45,12,97.57561170702442,False,red
45,13,154.74172029546526,False,red
45,14,124.61942063739504,False,red
45,15,220.10224896624752,False,red
45,16,146.5639792036229,False,red
45,17,61.032778078668514,False,red
45,18,74.43117626371358,False,red
45,19,205.10485123467947,False,red
45,20,207.85812469085735,False,red
45,21,62.03224967708329,False,red
45,22,57.0701322935211,False,red
45,23,29.154759474226502,False,red
45,24,163.04907236779974,False,red
45,25,227.71253808255707,False,red
45,26,289.5047495292607,False,red
45,27,92.57429448826494,False,red
45,28,289.8068322175997,False,red
45,29,207.62466134830902,False,red
45,30,188.32153355365392,False,red
45,31,61.18823416311342,False,red
45,32,136.0,False,red
45,33,166.97305171793442,False,red
45,34,60.876925020897694,False,red
45,35,281.6842203603177,False,red
45,36,151.92432326655268,False,red
45,37,271.48664792214,False,red
45,38,192.50974001333023,False,red
45,39,360.22354170709053,False,red
45,40,20.0,False,red
45,41,144.34680460612904,False,red
45,42,173.21951391226105,False,red
45,43,246.78938388836744,False,red
45,44,55.31726674375732,False,red
45,46,302.6945655276949,False,red
45,47,349.3436703305214,False,red
45,48,140.42791745233566,False,red
45,49,279.29196193231195,False,red
46,0,331.5177219998955,False,red
46,1,325.01384585891105,False,red
46,2,37.05401462729781,False,red
46,3,56.586217403180434,False,red
46,4,269.3566409056959,False,red
46,5,389.0321323489873,False,red
46,6,203.67866849525504,False,red
46,7,382.0274859221519,False,red
46,8,306.5697310564107,False,red
46,9,366.5310355208683,False,red
46,10,369.52943049234926,False,red
46,11,67.446274915669,False,red
46,12,215.23243250030885,False,red
46,13,197.69926656414282,False,red
46,14,266.101484400219,False,red
46,15,363.3414372184929,False,red
46,16,435.62024746331525,False,red
46,17,281.55461281960913,False,red
46,18,291.92464781172555,False,red
46,19,98.08159868191383,False,red
46,20,130.8166656049603,False,red
46,21,281.82263926093657,False,red
46,22,256.6028059082753,False,red
46,23,280.30340704315387,False,red
46,24,164.7938105633825,False,red
46,25,192.21082175569617,False,red
46,26,257.41989045137905,False,red
46,27,263.41222446955646,False,red
46,28,344.33123587615455,False,red
46,29,170.18813119603846,False,red
46,30,168.51409436602032,False,red
46,31,354.682957019364,False,red
46,32,178.3704011320264,False,red
46,33,167.14065932620943,False,red
46,34,241.84705910967782,False,red
46,35,159.53056133543816,False,red
46,36,280.0803456153252,False,red
46,37,70.40596565632774,False,red
46,38,119.88327656516567,False,red
46,39,350.891721190455,False,red
46,40,282.96996307028775,False,red
46,41,410.58494857946266,False,red
46,42,261.03064954139006,False,red
46,43,302.2002647252315,False,red
46,44,258.40278636268613,False,red
46,45,302.6945655276949,False,red
46,47,87.66413177577246,False,red
46,48,164.92422502470643,False,red
46,49,314.81423093627774,False,red
47,0,380.290678297536,False,red
47,1,306.04084694693944,False,red
47,2,123.4908903522847,False,red
47,3,123.25988804148737,False,red
47,4,350.0228563965502,False,red
47,5,368.41959774148825,False,red
47,6,226.38462845343543,False,red
47,7,371.48889620014216,False,red
47,8,309.38648968563575,False,red
47,9,390.57905729826325,False,red
47,10,373.72851108792867,False,red
47,11,21.400934559032695,False,red
47,12,275.13632984395207,False,red
47,13,272.3416971379888,False,red
47,14,281.81021982887705,False,red
47,15,355.84828227771453,False,red
47,16,466.9047011971501,False,red
47,17,341.1773732239581,False,red
47,18,320.6009981269553,False,red
47,19,161.01242188104618,False,red
47,20,145.91093173576817,False,red
47,21,314.58703088334715,False,red
47,22,296.24314338056837,False,red
47,23,323.1361941968123,False,red
47,24,190.53608582103286,False,red
47,25,176.7766952966369,False,red
47,26,217.38905216224666,False,red
47,27,328.9878417206326,False,red
47,28,313.82319863260585,False,red
47,29,253.04742638485774,False,red
47,30,248.0080643850115,False,red
47,31,393.0203557069277,False,red
47,32,243.26323191144198,False,red
47,33,189.17980864775183,False,red
47,34,289.9465467978538,False,red
47,35,120.61923561356207,False,red
47,36,286.7821472825671,False,red
47,37,77.89736837660179,False,red
47,38,157.0636813525011,False,red
47,39,300.6725793949292,False,red
47,40,330.9274845037807,False,red
47,41,434.08409323540064,False,red
47,42,261.36947029062134,False,red
47,43,280.14639030335553,False,red
47,44,313.95700342562833,False,red
47,45,349.3436703305214,False,red
47,46,87.66413177577246,False,red
47,48,209.77368757782756,False,red
47,49,283.83269720030495,False,red
48,0,170.88007490635061,False,red
48,1,221.38202275704322,False,red
48,2,146.24978632463024,False,red
48,3,109.04127658827184,False,red
48,4,192.6058150731696,False,red
48,5,279.1451235468748,False,red
48,6,61.68468205316454,False,red
48,7,257.1711492372346,False,red
48,8,171.30382365843442,False,red
48,9,205.23401277566055,False,red
48,10,226.00884938426637,False,red
48,11,201.64572894063488,False,red
48,12,74.33034373659252,False,red
48,13,110.11357772772621,False,red
48,14,119.10499569707393,False,red
48,15,235.93431289238112,False,red
48,16,271.0073799733136,False,red
48,17,135.14806694880988,False,red
48,18,130.0,False,red
48,19,71.69379331573968,False,red
48,20,77.0,False,red
48,21,118.1185844818672,False,red
48,22,91.67878707749138,False,red
48,23,116.04309544302927,False,red
48,24,44.41846462902562,False,red
48,25,129.86531484580476,False,red
48,26,210.54453210663058,False,red
48,27,131.30879635424276,False,red
48,28,257.9379770409933,False,red
48,29,136.95254652615992,False,red
48,30,116.81181447096864,False,red
48,31,189.84203960134857,False,red
48,32,62.80127387243033,False,red
48,33,52.15361924162119,False,red
48,34,80.26207074328447,False,red
48,35,162.36378906640482,False,red
48,36,143.37712509323097,False,red
48,37,131.9280106724876,False,red
48,38,52.80151512977634,False,red
48,39,302.4516490284025,False,red
48,40,121.49074038789952,False,red
48,41,248.78102821557758,False,red
48,42,138.53880322855397,False,red
48,43,208.568933448872,False,red
48,44,105.77334257741882,False,red
48,45,140.42791745233566,False,red
48,46,164.92422502470643,False,red
48,47,209.77368757782756,False,red
48,49,234.88720697390056,False,red
49,0,304.2433236736675,False,red
49,1,46.84015371452148,False,red
49,2,323.7854227725516,False,red
49,3,285.3383955937231,False,red
49,4,421.0997506529777,False,red
49,5,90.21086409075129,False,red
49,6,177.48521065147935,False,red
49,7,112.2007130102122,False,red
49,8,118.94956914591998,False,red
49,9,226.05530296810116,False,red
49,10,153.8440769090575,False,red
49,11,294.89828755013144,False,red
49,12,291.34343994674055,False,red
49,13,343.3322006453808,False,red
49,14,155.2610704587599,False,red
49,15,108.6876257906115,False,red
49,16,302.52437918290155,False,red
49,17,321.6224494652076,False,red
49,18,206.18438350175796,False,red
49,19,276.4489102890442,False,red
49,20,196.51208614230322,False,red
49,21,217.26481537515457,False,red
49,22,233.20591759215716,False,red
49,23,253.74396544548603,False,red
49,24,193.86851214160592,False,red
49,25,124.45481107614924,False,red
49,26,69.46221994724903,False,red
49,27,337.6062795624513,False,red
49,28,30.066592756745816,False,red
49,29,370.62110031675206,False,red
49,30,351.2164574731657,False,red
49,31,275.2235455043772,False,red
49,32,296.1418578992169,False,red
49,33,186.3866948041088,False,red
49,34,258.21309029559285,False,red
49,35,163.68872899500442,False,red
49,36,127.47156545677157,False,red
49,37,244.60784942433878,False,red
49,38,228.12277396174193,False,red
49,39,81.78630692236935,False,red
49,40,274.64158461529456,False,red
49,41,253.50345165302977,False,red
49,42,108.55873986004075,False,red
49,43,32.57299494980466,False,red
49,44,292.9846412356798,False,red
49,45,279.29196193231195,False,red
49,46,314.81423093627774,False,red
49,47,283.83269720030495,False,red
49,48,234.88720697390056,False,red
